individual_id,n_events,sri,sri_null_median_variance,sri_monte_carlo_p,temporal_retention,temporal_null_median_change,temporal_monte_carlo_p,strict_two_random_events,strict_sri,strict_temporal_retention
020_21,34,0.9636210516806274,909.2171479500892,9.99990000099999e-06,0.8786138234730998,31.654545454545453,9.99990000099999e-06,32,0.9650094064775685,0.8790470372632865
332_20,25,0.4953565375512432,252.0174,9.99990000099999e-06,0.38844847112117786,14.716666666666667,9.99990000099999e-06,17,0.4670297274932582,0.32858340318524726
332_21,15,0.9760211873790514,631.3192380952381,9.99990000099999e-06,0.8198250728862975,24.5,9.99990000099999e-06,15,0.9759861928767136,0.819614711033275
361_21,18,0.8692245776549212,142.10261437908497,9.99990000099999e-06,0.5831739961759081,12.305882352941175,9.99990000099999e-06,17,0.8807638021003291,0.6012207527975584
368_21,14,0.9030737278099467,184.65604395604396,9.99990000099999e-06,0.7323759791122715,11.784615384615384,9.99990000099999e-06,14,0.9032311728805825,0.7330729166666666
390_21,16,0.7385929078620925,155.85333333333332,9.99990000099999e-06,0.5368098159509203,13.040000000000001,9.99990000099999e-06,15,0.7656864478182115,0.5368098159509203
506_20,23,0.4021324997995238,153.04460474308303,0.03580964190358096,0.4529307282415631,10.236363636363636,8.99991000089999e-05,21,0.36866391295703904,0.42376338602753705
856_20,15,0.9021895088716029,1144.8620952380952,9.99990000099999e-06,0.8269473684210527,33.92857142857143,9.99990000099999e-06,12,0.8827067035001691,0.777233782129743
871_21,15,0.9520527592577034,1790.992380952381,9.99990000099999e-06,0.7724097788125728,49.08571428571429,9.99990000099999e-06,15,0.9520684803430737,0.7547051442910916
881_20,15,0.4374482555222765,864.1363809523809,0.1994280057199428,0.5600198412698414,28.8,9.99990000099999e-06,15,0.4374569973702752,0.560891089108911
