individual_id,n_events,observed_slope,pseudo_null_median_slope,coupling_reduction,monte_carlo_p_lower
020_21,34,0.11317122924411063,1.0003153199542485,0.8868644446540249,4.999750012499375e-05
332_20,25,0.4461192732891221,0.9993243700216283,0.5535791113755519,4.999750012499375e-05
332_21,15,0.057371131507760624,0.9997400029647621,0.9426139482889305,4.999750012499375e-05
361_21,18,0.13625938137995067,1.0014841003559969,0.863942541542582,4.999750012499375e-05
368_21,14,-0.18703704017099373,1.001928135490724,1.186677101426428,4.999750012499375e-05
390_21,16,-0.261846366233175,0.9968002144205139,1.262686908013356,4.999750012499375e-05
506_20,23,0.6432499135986062,1.0006328262207176,0.3571568943744412,0.005649717514124294
856_20,15,0.13011585637890302,1.0016103181398959,0.870093334680754,4.999750012499375e-05
871_21,15,0.02750951554318652,1.000097996095379,0.9724931800177681,4.999750012499375e-05
881_20,15,0.6183603909897709,0.9999170341124735,0.3815883019348423,0.02384880755962202
