individual_id,n_events,median_available_depth,median_used_depth,mismatch_q75,extreme_events,slope_buffering,extreme_retention,extreme_lower_tail_p
020_21,34,35.349999999999994,13.600000000000001,24.1,9,0.8890990004919817,0.7967377666248432,1.999960000799984e-05
332_20,25,25.4,16.8,13.899999999999999,7,0.8540138648648242,0.5181564245810055,1.999960000799984e-05
332_21,15,20.1,13.6,12.600000000000001,4,1.009823965609508,0.9084967320261438,1.999960000799984e-05
361_21,18,20.799999999999997,11.9,6.3749999999999964,5,0.9146295677218608,0.7982583454281568,1.999960000799984e-05
368_21,14,16.8,1.6,14.250000000000002,4,0.22454873646209372,0.5969581749049429,1.999960000799984e-05
390_21,16,21.1,16.9,10.900000000000002,4,0.7364902213682187,0.5629139072847682,0.057998840023199535
506_20,23,10.3,8.4,10.25,6,0.04494514937181049,0.21588594704684327,0.18241635167296655
856_20,15,41.6,15.8,30.299999999999997,4,1.5842118374837209,0.6609195402298851,1.999960000799984e-05
871_21,15,44.9,8.4,48.9,4,1.0101338003771976,0.890625,1.999960000799984e-05
881_20,15,20.200000000000003,1.6,31.549999999999997,4,0.005252500241580194,-0.0347574221578566,0.5812883742325153
