field,level,required,meaning
study_id,system,yes,independent wetland movement system
individual_id,individual,yes,marked bird identifier
event_id,event,yes,homing/microhabitat sampling event
timestamp,event,yes,event date/time
point_type,event_point,yes,used or random/available
latitude,event_point,preferred,point latitude
longitude,event_point,preferred,point longitude
water_depth_cm,event_point,yes,time-matched water depth
vegetation_state,event_point,preferred,vegetation composition/structure
open_water_edge,event_point,preferred,distance/access to open water
home_range_id,individual,preferred,familiar-area identifier
used_state_variance,individual,derived,temporal variance of used environmental state
null_state_variance,individual,derived,matched pseudo-trajectory variance
state_retention_index,individual,derived,"1 - used variance / median null variance"
geographic_displacement,event_pair,derived,distance between consecutive used positions
environmental_displacement,event_pair,derived,difference between consecutive used environmental states
hpi,individual_time,optional,later full-portfolio retained-suitable-area extension
